{  
    "entityType": "group",
    "taxpayerIdentificationNumber": "000000000",
    "performanceYear": 2022,
    "measurementSets": [
      {
        "category": "quality",
        "programName": "mips",
        "submissionMethod": "registry",
        "performanceStart": "2022-01-01",
        "performanceEnd": "2022-12-31",
        "measurements": [
          {
            "measureId": "XXX",
            "value": {
              "isEndToEndReported": false,
              "performanceMet": 0,
              "performanceNotMet": 0,
              "eligiblePopulation": 0,
              "eligiblePopulationException": 0
            }
          },
          {
            "measureId": "XXX",
            "value": {
              "isEndToEndReported": false,
              "performanceMet": 0,
              "performanceNotMet": 0,
              "eligiblePopulation": 0,
              "eligiblePopulationException": 0
            }
          },
          {
            "measureId": "XXX",
            "value": {
              "isEndToEndReported": false,
              "performanceMet": 0,
              "performanceNotMet": 0,
              "eligiblePopulation": 0,
            }
          },
          {
            "measureId": "XXX",
            "value": {
              "isEndToEndReported": false,
              "performanceMet": 0,
              "performanceNotMet": 0,
              "eligiblePopulation": 0,
              "eligiblePopulationException": 0
            }
          },
          {
            "measureId": "XXX",
            "value": {
              "isEndToEndReported": false,
              "performanceMet": 0,
              "performanceNotMet": 0,
              "eligiblePopulation": 0,
            }
          },
          {
            "measureId": "XXX",
            "value": {
              "isEndToEndReported": false,
              "performanceMet": 0,
              "performanceNotMet": 0,
              "eligiblePopulation": 0,
            }
          }
        ]
      }
    ]
  }